{"cameraMode":{"drawMode":0,"name":"Shaded","section":"Shading Mode"},"sceneLighting":false,"audioPlay":false,"sceneViewState":{"m_AlwaysRefresh":false,"showFog":true,"showSkybox":false,"showFlares":true,"showImageEffects":true,"showParticleSystems":true,"showVisualEffectGraphs":true,"m_FxEnabled":true},"in2DMode":false,"pivot":{"x":-1.7146759033203126,"y":0.43863996863365176,"z":-5.7066850662231449},"rotation":{"x":-0.08420832455158234,"y":-0.00687851058319211,"z":0.000582053093239665,"w":-0.9964285492897034},"size":0.3673730790615082,"orthographic":false}